Substrat_name,Substrat,Stem
A1,CGCGAATTAACGCGTTAACATAACAT,CGCGAATTAACGCGTTAACAT
C2,CGCGAATTAACGCGTTAACATNNCAT,CGCGAATTAACGCGTTAACAT
C3,CGCGAATTAACGCGTTAACATNNNNNCAT,CGCGAATTAACGCGTTAACAT
D2,NNNNNNNNNNNNNNNNNNNNNNNNNN,NNNNNNNNNNNNNNNNNNNNNNNNNNCAT
X0,CGCGAATTAACGCGACAACAT,CGCGAATTAACGCGACAACAT
X2,CGCGAATTAACGCGTTAACATCGGAA,CGCGAATTAACGCGTTAACAT
X3,CGCGAATTAACGCGTTAACATCGGAACAT,CGCGAATTAACGCGTTAACAT
X4,CGCGAATTAACGCGACAACATAACAT,CGCGAATTAACGCGACAACAT
X4_rd,CGCGAATTAACGCGACAACATNNCAT,CGCGAATTAACGCGACAACAT
X4_1rd,CGCGAATTAACGCGACAACATNCAT,CGCGAATTAACGCGACAACAT
X4_3rd,CGCGAATTAACGCGACAACATNNNCAT,CGCGAATTAACGCGACAACAT
X4_4rd,CGCGAATTAACGCGACAACATNNNNCAT,CGCGAATTAACGCGACAACAT
